state_clean,state_code,entity_type,region,population_2011,sex_ratio_2011,literacy_rate_2011,notes,female_population_2011,dv_total_cases,dv_cases_2021,dv_cases_2001,all_crime_total,dv_share_of_state_crime_pct,dv_rate_2021,dv_rate_20yr_avg,years_observed,first_year_observed,dv_cagr_pct,trend_direction,risk_zone,share_pct,cumulative_pct,rank,abc_class,abc_label
Andhra Pradesh,AP,State,South,49386799,993,67.02,Residual AP after the 2014 bifurcation (13 districts),24606669,188511,7092,5791,391123,48.2,28.82,36.48,21,2001,1.02,Stable,Critical,9.87,48.04,4,A,A - Critical (top 70% of volume)
Arunachal Pradesh,AR,State,North East,1383727,938,65.38,,669730,705,112,11,4822,14.62,16.72,5.01,21,2001,12.3,Worsening,High,0.04,99.9,25,C,C - Low (tail 10%)
Assam,AS,State,North East,31205576,958,72.19,,15268101,135415,12950,1248,291980,46.38,84.82,42.23,21,2001,12.41,Worsening,Critical,7.09,62.99,6,A,A - Critical (top 70% of volume)
Bihar,BR,State,East,104099452,918,61.8,,49824451,55187,2069,1558,189886,29.06,4.15,5.27,21,2001,1.43,Stable,Moderate,2.89,86.35,12,B,B - Moderate (next 20%)
Chhattisgarh,CG,State,Central,25545198,991,70.28,,12714862,16381,963,840,97687,16.77,7.57,6.14,21,2001,0.69,Stable,Moderate,0.86,98.19,19,C,C - Low (tail 10%)
Goa,GA,State,West,1458545,973,88.7,,719293,356,1,11,4179,8.52,0.14,2.36,21,2001,-11.3,Improving,Low,0.02,99.96,28,C,C - Low (tail 10%)
Gujarat,GJ,State,West,60439692,919,78.03,,28944282,96480,2271,3667,154339,62.51,7.85,15.87,21,2001,-2.37,Improving,Moderate,5.05,68.04,7,A,A - Critical (top 70% of volume)
Haryana,HR,State,North,25351462,879,75.55,,11859465,63266,5755,1513,152479,41.49,48.53,25.4,21,2001,6.91,Worsening,Critical,3.31,80.29,10,B,B - Moderate (next 20%)
Himachal Pradesh,HP,State,North,6864602,972,82.8,,3383567,5420,221,317,22957,23.61,6.53,7.63,21,2001,-1.79,Stable,Moderate,0.28,99.48,22,C,C - Low (tail 10%)
Jammu & Kashmir,JK,Union Territory,North,12267013,892,67.16,State until Oct-2019 then UT. Population excludes the Ladakh districts; pre-2020 case counts include them (~2% of the entity),5783391,5336,501,50,56972,9.37,8.66,4.39,21,2001,12.21,Worsening,Moderate,0.28,99.76,23,C,C - Low (tail 10%)
Jharkhand,JH,State,East,32988134,948,66.41,,16053774,19855,931,484,74820,26.54,5.8,5.89,21,2001,3.32,Worsening,Moderate,1.04,97.33,18,C,C - Low (tail 10%)
Karnataka,KA,State,South,61095297,973,75.36,,30129612,52889,2336,1755,160961,32.86,7.75,8.36,21,2001,1.44,Stable,Moderate,2.77,89.12,13,B,B - Moderate (next 20%)
Kerala,KL,State,South,33406061,1084,94.0,,17376281,78512,4997,2561,178958,43.87,28.76,21.52,21,2001,3.4,Worsening,Critical,4.11,76.98,9,B,B - Moderate (next 20%)
Ladakh,LA,Union Territory,North,274289,750,77.2,Carved out of J&K on 31-Oct-2019. Reported separately by NCRB from 2020 only. Population = Leh + Kargil districts (Census 2011),117552,12,9,0,27,44.44,7.66,5.11,2,2020,200.0,Worsening,Moderate,0.0,100.0,36,C,C - Low (tail 10%)
Madhya Pradesh,MP,State,Central,72626809,931,69.32,,35015826,92166,7929,2562,398264,23.14,22.64,12.53,21,2001,5.81,Worsening,High,4.83,72.87,8,A,A - Critical (top 70% of volume)
Maharashtra,MH,State,West,112374333,929,82.34,,54119106,150156,10095,6090,422559,35.53,18.65,13.21,21,2001,2.56,Worsening,High,7.86,55.9,5,A,A - Critical (top 70% of volume)
Manipur,MN,State,North East,2855794,985,76.94,,1417107,430,18,5,4273,10.06,1.27,1.44,21,2001,6.61,Worsening,Low,0.02,99.92,26,C,C - Low (tail 10%)
Meghalaya,ML,State,North East,2966889,989,74.43,,1475240,399,21,4,4629,8.62,1.42,1.29,21,2001,8.64,Worsening,Low,0.02,99.94,27,C,C - Low (tail 10%)
Mizoram,MZ,State,North East,1097206,976,91.33,,541940,144,11,16,2937,4.9,2.03,1.26,21,2001,-1.86,Stable,Low,0.01,99.99,31,C,C - Low (tail 10%)
Nagaland,NL,State,North East,1978502,931,79.55,,953902,33,2,0,899,3.67,0.21,0.16,21,2001,-2.67,Improving,Low,0.0,100.0,34,C,C - Low (tail 10%)
Odisha,OD,State,East,41974218,979,72.87,,20764406,46785,4889,1266,236074,19.82,23.55,10.73,21,2001,6.99,Worsening,Critical,2.45,91.57,14,B,B - Moderate (next 20%)
Punjab,PB,State,North,27743338,895,75.84,,13103054,25820,1714,1128,72014,35.85,13.08,9.38,21,2001,2.11,Worsening,High,1.35,96.29,17,C,C - Low (tail 10%)
Rajasthan,RJ,State,North,68548437,928,66.11,,32994268,232198,16949,5532,451193,51.46,51.37,33.51,21,2001,5.76,Worsening,Critical,12.16,27.98,2,A,A - Critical (top 70% of volume)
Sikkim,SK,State,North East,610577,890,81.42,,287520,69,3,0,1168,5.91,1.04,1.14,21,2001,0.0,Stable,Low,0.0,100.0,33,C,C - Low (tail 10%)
Tamil Nadu,TN,State,South,72147030,996,80.09,,36001223,30036,875,815,107515,27.94,2.43,3.97,21,2001,0.36,Stable,Low,1.57,94.94,16,C,C - Low (tail 10%)
Telangana,TG,State,South,35193978,988,66.54,Formed 02-Jun-2014. Source rows for 2011-2013 exist with zero values and are flagged as structural zeros,17490770,60486,9468,0,118513,51.04,54.13,43.23,8,2014,5.83,Worsening,Critical,3.17,83.46,11,B,B - Moderate (next 20%)
Tripura,TR,State,North East,3673917,960,87.22,,1799470,10787,355,227,21548,50.06,19.73,28.55,21,2001,2.26,Worsening,High,0.56,98.75,20,C,C - Low (tail 10%)
Uttar Pradesh,UP,State,Central,199812341,912,67.68,,95307979,194704,18375,7365,607399,32.06,19.28,9.73,21,2001,4.68,Worsening,High,10.19,38.17,3,A,A - Critical (top 70% of volume)
Uttarakhand,UK,State,North,10086292,963,78.82,,4948089,8524,519,301,28140,30.29,10.49,8.2,21,2001,2.76,Worsening,High,0.45,99.2,21,C,C - Low (tail 10%)
West Bengal,WB,State,East,91276115,950,76.26,,44467851,302143,19952,3859,473365,63.83,44.87,32.36,21,2001,8.56,Worsening,Critical,15.82,15.82,1,A,A - Critical (top 70% of volume)
A & N Islands,AN,Union Territory,Islands,380581,876,86.63,,177713,180,4,9,1318,13.66,2.25,4.82,21,2001,-3.97,Improving,Low,0.01,99.97,29,C,C - Low (tail 10%)
Chandigarh,CH,Union Territory,North,1055450,818,86.05,,474894,1870,95,36,5913,31.63,20.0,18.75,21,2001,4.97,Worsening,High,0.1,99.86,24,C,C - Low (tail 10%)
D & N Haveli and Daman & Diu,DN,Union Territory,West,586956,706,79.55,Merged into one UT on 26-Jan-2020. The two predecessor UTs are summed for 2001-2019 so the series is comparable across the merger,242902,133,6,8,689,19.3,2.47,2.61,21,2001,-1.43,Stable,Low,0.01,100.0,32,C,C - Low (tail 10%)
Delhi UT,DL,Union Territory,North,16787941,868,86.21,NCT of Delhi. Absent from the source file for 2001-2010,7800821,34395,4731,0,126257,27.24,60.65,40.08,11,2011,11.63,Worsening,Critical,1.8,93.37,15,C,C - Low (tail 10%)
Lakshadweep,LD,Union Territory,Islands,64473,946,91.85,,31342,17,3,0,72,23.61,9.57,2.58,21,2001,6.29,Worsening,High,0.0,100.0,35,C,C - Low (tail 10%)
Puducherry,PY,Union Territory,South,1247953,1037,85.85,,635310,178,12,3,1793,9.93,1.89,1.33,21,2001,7.18,Worsening,Low,0.01,99.98,30,C,C - Low (tail 10%)
